Electrical,Circuit Design
Electrical,Memory Design
Electrical,Prototype Design
Electrical,Digital Signaling Processing
Electrical,FPGA Testing
Electrical,TS/SCI security clearance
Electrical,Communication
Electrical,Team Player
Electrical,Statistical Analysis
Business, Written and Speaking Communication
Business, Social Networking
Business, Sales and Negotiation
Business, Marketing and Customer Service
Business, Strategic and financial Planning
Business, Financial and Business Management
Business, Accounting
Business, ERP/SAP
Business, Project Management
Business, Project Risk Management
Business, Self-Management
Business, Time Management
Business, Meeting Management
Business, Records Keeping
Business, Leadership
Business, Personal Productivity
Business, Creativity
Business, Problem Solving
Business, Critical Thinking
Business, Decision Making
Business, Planning and Research
Business, Organization
Business, Goal Setting
Business, Team Building
Business Communication, Communication Skills
Business Communication, Business Management
Business Communication, Team Player
Business Communication, SCRUM
Management, Training
Management, Leadership
Management, Reports
Management, Public Speaking
Management, Management Effectiveness
Management, Career Development
Management, Coaching
Management, Interviewing Skills
Management, Recruiting
Management, Employee Relations
Management, Human Resources
Management, Customer Relationship Management
Management, Business Planning
Management, Lean Six Sigma
Management, Project Management
Management, Project Implementation
Management, Business Analysis
Management, Quality Management
Management, Budgeting
Management, Product Life Management
Management, Team Player
Programming Languages, A# .NET
Programming Languages, A# (Axiom)
Programming Languages, A-0 System
Programming Languages, A+
Programming Languages, A++
Programming Languages, ABAP
Programming Languages, ABC
Programming Languages, ABC ALGOL
Programming Languages, ABLE
Programming Languages, ABSET
Programming Languages, ABSYS
Programming Languages, ACC
Programming Languages, Accent
Programming Languages, Ace DASL
Programming Languages, ACL2
Programming Languages, ACT-III
Programming Languages, Action!
Programming Languages, ActionScript
Programming Languages, Ada
Programming Languages, Adenine
Programming Languages, Agda
Programming Languages, Agilent VEE
Programming Languages, Agora
Programming Languages, AIMMS
Programming Languages, Alef
Programming Languages, ALF
Programming Languages, ALGOL 58
Programming Languages, ALGOL 60
Programming Languages, ALGOL 68
Programming Languages, ALGOL W
Programming Languages, Alice
Programming Languages, Alma-0
Programming Languages, AmbientTalk
Programming Languages, Amiga E
Programming Languages, AMOS
Programming Languages, AMPL
Programming Languages, APL
Programming Languages, App Inventor
Programming Languages, AppleScript
Programming Languages, Arc
Programming Languages, ARexx
Programming Languages, Argus
Programming Languages, AspectJ
Programming Languages, Assembly language
Programming Languages, ATS
Programming Languages, Ateji PX
Programming Languages, AutoHotkey
Programming Languages, Autocoder
Programming Languages, AutoIt
Programming Languages, AutoLISP
Programming Languages, Averest
Programming Languages, AWK
Programming Languages, Axum
Programming Languages, B
Programming Languages, Babbage
Programming Languages, BAIL
Programming Languages, Bash
Programming Languages, BASIC
Programming Languages, bc
Programming Languages, BCPL
Programming Languages, BeanShell
Programming Languages, Batch (Windows/Dos)
Programming Languages, Bertrand
Programming Languages, BETA
Programming Languages, Bigwig
Programming Languages, Bistro
Programming Languages, BitC
Programming Languages, BLISS
Programming Languages, Blue
Programming Languages, Bon
Programming Languages, Boo
Programming Languages, Boomerang
Programming Languages, Bourne shell
Programming Languages, BREW
Programming Languages, BPEL
Programming Languages, BuildProfessional
Programming Languages, C
Programming Languages, C--
Programming Languages, C++ - ISO/IEC 14882
Programming Languages, C# - ISO/IEC 23270
Programming Languages, C/AL
Programming Languages, CachÈ ObjectScript
Programming Languages, C Shell
Programming Languages, Caml
Programming Languages, Candle
Programming Languages, Cayenne
Programming Languages, CDuce
Programming Languages, Cecil
Programming Languages, Cel
Programming Languages, Cesil
Programming Languages, Ceylon
Programming Languages, CFML
Programming Languages, Cg
Programming Languages, Ch
Programming Languages, Chapel
Programming Languages, CHAIN
Programming Languages, Charity
Programming Languages, Charm
Programming Languages, Chef
Programming Languages, CHILL
Programming Languages, CHIP-8
Programming Languages, chomski
Programming Languages, ChucK
Programming Languages, CICS
Programming Languages, Cilk
Programming Languages, CL (IBM)
Programming Languages, Claire
Programming Languages, Clarion
Programming Languages, Clean
Programming Languages, Clipper
Programming Languages, CLIST
Programming Languages, Clojure
Programming Languages, CLU
Programming Languages, CMS-2
Programming Languages, COBOL - ISO/IEC 1989
Programming Languages, Cobra
Programming Languages, CODE
Programming Languages, CoffeeScript
Programming Languages, Cola
Programming Languages, ColdC
Programming Languages, ColdFusion
Programming Languages, COMAL
Programming Languages, CPL
Programming Languages, COMIT
Programming Languages, CIL
Programming Languages, Common Lisp
Programming Languages, COMPASS
Programming Languages, Component Pascal
Programming Languages, CHR
Programming Languages, Converge
Programming Languages, Cool
Programming Languages, Coq
Programming Languages, Coral 66
Programming Languages, Corn
Programming Languages, CorVision
Programming Languages, COWSEL
Programming Languages, CPL
Programming Languages, csh
Programming Languages, CSP
Programming Languages, Csound
Programming Languages, Curl
Programming Languages, Curry
Programming Languages, Cyclone
Programming Languages, Cython
Programming Languages, D
Programming Languages, DASL (Datapoint)
Programming Languages, DASL
Programming Languages, Dart
Programming Languages, DataFlex
Programming Languages, Datalog
Programming Languages, DATATRIEVE
Programming Languages, dBase
Programming Languages, dc
Programming Languages, DCL
Programming Languages, Deesel
Programming Languages, Delphi
Programming Languages, DinkC
Programming Languages, DIBOL
Programming Languages, Dog
Programming Languages, Draco
Programming Languages, DRAKON
Programming Languages, Dylan
Programming Languages, DYNAMO
Programming Languages, E
Programming Languages, E#
Programming Languages, Ease
Programming Languages, Easy PL/I
Programming Languages, Easy Programming Language
Programming Languages, EASYTRIEVE PLUS
Programming Languages, ECMAScript
Programming Languages, Edinburgh IMP
Programming Languages, EGL
Programming Languages, Eiffel
Programming Languages, ELAN
Programming Languages, Elixir
Programming Languages, Elm
Programming Languages, Emacs Lisp
Programming Languages, Emerald
Programming Languages, Epigram
Programming Languages, EPL
Programming Languages, Erlang
Programming Languages, es
Programming Languages, Escapade
Programming Languages, Escher
Programming Languages, ESPOL
Programming Languages, Esterel
Programming Languages, Etoys
Programming Languages, Euclid
Programming Languages, Euler
Programming Languages, Euphoria
Programming Languages, EusLisp
Programming Languages, CMS EXEC
Programming Languages, EXEC 2
Programming Languages, Executable UML
Programming Languages, F
Programming Languages, F#
Programming Languages, Factor
Programming Languages, Falcon
Programming Languages, Fancy
Programming Languages, Fantom
Programming Languages, FAUST
Programming Languages, Felix
Programming Languages, Ferite
Programming Languages, FFP
Programming Languages, Fjˆlnir
Programming Languages, FL
Programming Languages, Flavors
Programming Languages, Flex
Programming Languages, FLOW-MATIC
Programming Languages, FOCAL
Programming Languages, FOCUS
Programming Languages, FOIL
Programming Languages, FORMAC
Programming Languages, @Formula
Programming Languages, Forth
Programming Languages, Fortran - ISO/IEC 1539
Programming Languages, Fortress
Programming Languages, FoxBase
Programming Languages, FoxPro
Programming Languages, FP
Programming Languages, FPr
Programming Languages, Franz Lisp
Programming Languages, F-Script
Programming Languages, FSProg
Programming Languages, G
Programming Languages, Google Apps Script
Programming Languages, Game Maker Language
Programming Languages, GameMonkey Script
Programming Languages, GAMS
Programming Languages, GAP
Programming Languages, G-code
Programming Languages, Genie
Programming Languages, GDL
Programming Languages, Gibiane
Programming Languages, GJ
Programming Languages, GEORGE
Programming Languages, GLSL
Programming Languages, GNU E
Programming Languages, GM
Programming Languages, Go
Programming Languages, Go!
Programming Languages, GOAL
Programming Languages, Gˆdel
Programming Languages, Godiva
Programming Languages, GOM
Programming Languages, Goo
Programming Languages, Gosu
Programming Languages, GOTRAN
Programming Languages, GPSS
Programming Languages, GraphTalk
Programming Languages, GRASS
Programming Languages, Groovy
Programming Languages, Hack
Programming Languages, HAL/S
Programming Languages, Hamilton C shell
Programming Languages, Harbour
Programming Languages, Hartmann pipelines
Programming Languages, Haskell
Programming Languages, Haxe
Programming Languages, High Level Assembly
Programming Languages, HLSL
Programming Languages, Hop
Programming Languages, Hope
Programming Languages, Hugo
Programming Languages, Hume
Programming Languages, HyperTalk
Programming Languages, IBM Basic assembly language
Programming Languages, IBM HAScript
Programming Languages, IBM Informix-4GL
Programming Languages, IBM RPG
Programming Languages, ICI
Programming Languages, Icon
Programming Languages, Id
Programming Languages, IDL
Programming Languages, Idris
Programming Languages, IMP
Programming Languages, Inform
Programming Languages, Io
Programming Languages, Ioke
Programming Languages, IPL
Programming Languages, IPTSCRAE
Programming Languages, ISLISP
Programming Languages, ISPF
Programming Languages, ISWIM
Programming Languages, J
Programming Languages, J#
Programming Languages, J++
Programming Languages, JADE
Programming Languages, Jako
Programming Languages, JAL
Programming Languages, Janus
Programming Languages, JASS
Programming Languages, Java
Programming Languages, JavaScript
Programming Languages, JCL
Programming Languages, JEAN
Programming Languages, Join Java
Programming Languages, JOSS
Programming Languages, Joule
Programming Languages, JOVIAL
Programming Languages, Joy
Programming Languages, JScript
Programming Languages, JScript .NET
Programming Languages, JavaFX Script
Programming Languages, Julia
Programming Languages, K
Programming Languages, Kaleidoscope
Programming Languages, Karel
Programming Languages, Karel++
Programming Languages, KEE
Programming Languages, KIF
Programming Languages, Kojo
Programming Languages, Kotlin
Programming Languages, KRC
Programming Languages, KRL
Programming Languages, KRYPTON
Programming Languages, ksh
Programming Languages, L
Programming Languages, L# .NET
Programming Languages, LabVIEW
Programming Languages, Ladder
Programming Languages, Lagoona
Programming Languages, LANSA
Programming Languages, Lasso
Programming Languages, LaTeX
Programming Languages, Lava
Programming Languages, LC-3
Programming Languages, Leda
Programming Languages, Legoscript
Programming Languages, LIL
Programming Languages, LilyPond
Programming Languages, Limbo
Programming Languages, Limnor
Programming Languages, LINC
Programming Languages, Lingo
Programming Languages, Linoleum
Programming Languages, LIS
Programming Languages, LISA
Programming Languages, Lisaac
Programming Languages, Lisp - ISO/IEC 13816
Programming Languages, Lite-C
Programming Languages, Lithe
Programming Languages, Little b
Programming Languages, Logo
Programming Languages, Logtalk
Programming Languages, LPC
Programming Languages, LSE
Programming Languages, LSL
Programming Languages, LiveCode
Programming Languages, LiveScript
Programming Languages, Lua
Programming Languages, Lucid
Programming Languages, Lustre
Programming Languages, LYaPAS
Programming Languages, Lynx
Programming Languages, M2001
Programming Languages, M4
Programming Languages, Machine code
Programming Languages, MAD
Programming Languages, MAD/I
Programming Languages, Magik
Programming Languages, Magma
Programming Languages, make
Programming Languages, Maple
Programming Languages, MAPPER
Programming Languages, MARK-IV
Programming Languages, Mary
Programming Languages, MASM Microsoft Assembly x86
Programming Languages, Mathematica
Programming Languages, MATLAB
Programming Languages, Maxima
Programming Languages, Max
Programming Languages, MaxScript
Programming Languages, Maya (MEL)
Programming Languages, MDL
Programming Languages, Mercury
Programming Languages, Mesa
Programming Languages, Metacard
Programming Languages, Metafont
Programming Languages, MetaL
Programming Languages, Microcode
Programming Languages, MicroScript
Programming Languages, MIIS
Programming Languages, MillScript
Programming Languages, MIMIC
Programming Languages, Mirah
Programming Languages, Miranda
Programming Languages, MIVA Script
Programming Languages, ML
Programming Languages, Moby
Programming Languages, Model 204
Programming Languages, Modelica
Programming Languages, Modula
Programming Languages, Modula-2
Programming Languages, Modula-3
Programming Languages, Mohol
Programming Languages, MOO
Programming Languages, Mortran
Programming Languages, Mouse
Programming Languages, MPD
Programming Languages, MSL
Programming Languages, MUMPS
Programming Languages, NASM
Programming Languages, NATURAL
Programming Languages, Napier88
Programming Languages, Neko
Programming Languages, Nemerle
Programming Languages, nesC
Programming Languages, NESL
Programming Languages, Net.Data
Programming Languages, NetLogo
Programming Languages, NetRexx
Programming Languages, NewLISP
Programming Languages, NEWP
Programming Languages, Newspeak
Programming Languages, NewtonScript
Programming Languages, NGL
Programming Languages, Nial
Programming Languages, Nice
Programming Languages, Nickle
Programming Languages, NPL
Programming Languages, NXC
Programming Languages, NQC
Programming Languages, NSIS
Programming Languages, Nu
Programming Languages, NWScript
Programming Languages, NXT-G
Programming Languages, o:XML
Programming Languages, Oak
Programming Languages, Oberon
Programming Languages, Obix
Programming Languages, OBJ2
Programming Languages, Object Lisp
Programming Languages, ObjectLOGO
Programming Languages, Object REXX
Programming Languages, Object Pascal
Programming Languages, Objective-C
Programming Languages, Objective-J
Programming Languages, Obliq
Programming Languages, Obol
Programming Languages, OCaml
Programming Languages, occam
Programming Languages, occam-p
Programming Languages, Octave
Programming Languages, OmniMark
Programming Languages, Onyx
Programming Languages, Opa
Programming Languages, Opal
Programming Languages, OpenEdge ABL
Programming Languages, OPL
Programming Languages, OPS5
Programming Languages, OptimJ
Programming Languages, Orc
Programming Languages, ORCA/Modula-2
Programming Languages, Oriel
Programming Languages, Orwell
Programming Languages, Oxygene
Programming Languages, Oz
Programming Languages, P#
Programming Languages, ParaSail
Programming Languages, PARI/GP
Programming Languages, Pascal - ISO 7185
Programming Languages, Pawn
Programming Languages, PCASTL
Programming Languages, PCF
Programming Languages, PEARL
Programming Languages, PeopleCode
Programming Languages, Perl
Programming Languages, PDL
Programming Languages, PHP
Programming Languages, Phrogram
Programming Languages, Pico
Programming Languages, Pict
Programming Languages, Pike
Programming Languages, PIKT
Programming Languages, PILOT
Programming Languages, Pipelines
Programming Languages, Pizza
Programming Languages, PL-11
Programming Languages, PL/0
Programming Languages, PL/B
Programming Languages, PL/C
Programming Languages, PL/I - ISO 6160
Programming Languages, PL/M
Programming Languages, PL/P
Programming Languages, PL/SQL
Programming Languages, PL360
Programming Languages, PLANC
Programming Languages, Plankalk¸l
Programming Languages, Planner
Programming Languages, PLEX
Programming Languages, PLEXIL
Programming Languages, Plus
Programming Languages, POP-11
Programming Languages, PostScript
Programming Languages, PortablE
Programming Languages, Powerhouse
Programming Languages, PowerBuilder
Programming Languages, PowerShell
Programming Languages, PPL
Programming Languages, Processing
Programming Languages, Processing.js
Programming Languages, Prograph
Programming Languages, PROIV
Programming Languages, Prolog
Programming Languages, PROMAL
Programming Languages, Promela
Programming Languages, PROSE modeling language
Programming Languages, PROTEL
Programming Languages, ProvideX
Programming Languages, Pro*C
Programming Languages, Pure
Programming Languages, Python
Programming Languages, Q
Programming Languages, Q (Kx Systems)
Programming Languages, Qalb
Programming Languages, Qi
Programming Languages, QtScript
Programming Languages, QuakeC
Programming Languages, QPL
Programming Languages, R
Programming Languages, R++
Programming Languages, Racket
Programming Languages, RAPID
Programming Languages, Rapira
Programming Languages, Ratfiv
Programming Languages, Ratfor
Programming Languages, rc
Programming Languages, REBOL
Programming Languages, Red
Programming Languages, Redcode
Programming Languages, REFAL
Programming Languages, Reia
Programming Languages, Revolution
Programming Languages, rex
Programming Languages, REXX
Programming Languages, Rlab
Programming Languages, RobotC
Programming Languages, ROOP
Programming Languages, RPG
Programming Languages, RPL
Programming Languages, RSL
Programming Languages, RTL/2
Programming Languages, Ruby
Programming Languages, Rust
Programming Languages, S
Programming Languages, S2
Programming Languages, S3
Programming Languages, S-Lang
Programming Languages, S-PLUS
Programming Languages, SA-C
Programming Languages, SabreTalk
Programming Languages, SAIL
Programming Languages, SALSA
Programming Languages, SAM76
Programming Languages, SAS
Programming Languages, SASL
Programming Languages, Sather
Programming Languages, Sawzall
Programming Languages, SBL
Programming Languages, Scala
Programming Languages, Scheme
Programming Languages, Scilab
Programming Languages, Scratch
Programming Languages, Script.NET
Programming Languages, Sed
Programming Languages, Seed7
Programming Languages, Self
Programming Languages, SenseTalk
Programming Languages, SequenceL
Programming Languages, SETL
Programming Languages, Shift Script
Programming Languages, SIMPOL
Programming Languages, SIMSCRIPT
Programming Languages, Simula
Programming Languages, Simulink
Programming Languages, SISAL
Programming Languages, SLIP
Programming Languages, SMALL
Programming Languages, Smalltalk
Programming Languages, Small Basic
Programming Languages, SML
Programming Languages, SNOBOL(SPITBOL)
Programming Languages, Snowball
Programming Languages, SOL
Programming Languages, Span
Programming Languages, SPARK
Programming Languages, SPIN
Programming Languages, SP/k
Programming Languages, SPS
Programming Languages, Squeak
Programming Languages, Squirrel
Programming Languages, SR
Programming Languages, S/SL
Programming Languages, Stackless Python
Programming Languages, Starlogo
Programming Languages, Strand
Programming Languages, Stata
Programming Languages, Stateflow
Programming Languages, Subtext
Programming Languages, SuperCollider
Programming Languages, SuperTalk
Programming Languages, Swift (Apple programming language)
Programming Languages, Swift (parallel scripting language)
Programming Languages, SYMPL
Programming Languages, SyncCharts
Programming Languages, SystemVerilog
Programming Languages, T
Programming Languages, TACL
Programming Languages, TACPOL
Programming Languages, TADS
Programming Languages, TAL
Programming Languages, Tcl
Programming Languages, Tea
Programming Languages, TECO
Programming Languages, TELCOMP
Programming Languages, TeX
Programming Languages, TEX
Programming Languages, TIE
Programming Languages, Timber
Programming Languages,"    TMG, compiler-compiler"
Programming Languages, Tom
Programming Languages, TOM
Programming Languages, Topspeed
Programming Languages, TPU
Programming Languages, Trac
Programming Languages, TTM
Programming Languages, T-SQL
Programming Languages, TTCN
Programming Languages, Turing
Programming Languages, TUTOR
Programming Languages, TXL
Programming Languages, TypeScript
Programming Languages, Turbo C++
Programming Languages, Ubercode
Programming Languages, UCSD Pascal
Programming Languages, Umple
Programming Languages, Unicon
Programming Languages, Uniface
Programming Languages, UNITY
Programming Languages, Unix shell
Programming Languages, UnrealScript
Programming Languages, Vala
Programming Languages, VBA
Programming Languages, VBScript
Programming Languages, Verilog
Programming Languages, VHDL
Programming Languages, Visual Basic
Programming Languages, Visual Basic .NET
Programming Languages, Visual DataFlex
Programming Languages, Visual DialogScript
Programming Languages, Visual Fortran
Programming Languages, Visual FoxPro
Programming Languages, Visual J++
Programming Languages, Visual J#
Programming Languages, Visual Objects
Programming Languages, Visual Prolog
Programming Languages, VSXu
Programming Languages, Vvvv
Programming Languages,"    WATFIV, WATFOR"
Programming Languages, WebDNA
Programming Languages, WebQL
Programming Languages, Windows PowerShell
Programming Languages, Winbatch
Programming Languages, Wolfram
Programming Languages, X++
Programming Languages, X#
Programming Languages, X10
Programming Languages, XBL
Programming Languages, XC
Programming Languages, xHarbour
Programming Languages, XL
Programming Languages, Xojo
Programming Languages, XOTcl
Programming Languages, XPL
Programming Languages, XPL0
Programming Languages, XQuery
Programming Languages, XSB
Programming Languages, XSLT - See XPath
Programming Languages, Yorick
Programming Languages, YQL
Programming Languages, Z notation
Programming Languages, Zeno
Programming Paradigms,Automata Based Programming
Programming Paradigms,Declarative Programming
Programming Paradigms,Functional Programming
Programming Paradigms,Object Oriented Programming
Programming Paradigms,Event-driven Programming
Programming Paradigms,Structured Programming
Programming Paradigms,Imperative Programming
Web Frameworks,AIDA/Web
Web Frameworks,Application Express
Web Frameworks,AWS
Web Frameworks,Compojure
Web Frameworks,Flex
Web Frameworks,Kepler
Web Frameworks,Morfik
Web Frameworks,Ocsigen
Web Frameworks,Opa
Web Frameworks,OpenACS
Web Frameworks,Seaside
Web Frameworks,Zotonic
Web Frameworks,Camping
Web Frameworks,Padrino
Web Frameworks,Ruby on Rails
Web Frameworks,Ramaze
Web Frameworks,Sinatra
Web Frameworks,Merb
Web Frameworks,PureMVC
Web Frameworks,BlueBream
Web Frameworks,CherryPy
Web Frameworks,CubicWeb
Web Frameworks,Django
Web Frameworks,Flask
Web Frameworks,Grok
Web Frameworks,Nagare
Web Frameworks,Pyjamas
Web Frameworks,Pylons
Web Frameworks,Pyramid
Web Frameworks,TACTIC
Web Frameworks,Tornado
Web Frameworks,TurboGears
Web Frameworks,web2py
Web Frameworks,Webware
Web Frameworks,Web.py
Web Frameworks,Zope 2
Web Frameworks,Agavi
Web Frameworks,Aiki Framework
Web Frameworks,AppFlower
Web Frameworks,Ayoola Framework
Web Frameworks,CakePHP
Web Frameworks,Cgiapp
Web Frameworks,ClanCatsFramework
Web Frameworks,CodeIgniter
Web Frameworks,Fat-Free
Web Frameworks,FuelPHP
Web Frameworks,Hazaar MVC
Web Frameworks,Joomla
Web Frameworks,Kajona
Web Frameworks,Laravel
Web Frameworks,Lithium
Web Frameworks,Nette Framework
Web Frameworks,Phalcon
Web Frameworks,PHPixie
Web Frameworks,PRADO
Web Frameworks,Qcodo
Web Frameworks,Seagull
Web Frameworks,Symfony
Web Frameworks,TYPO3
Web Frameworks,Xyster Framework
Web Frameworks,Yii
Web Frameworks,Zend Framework
Web Frameworks,Catalyst
Web Frameworks,Dancer
Web Frameworks,Mason
Web Frameworks,Maypole
Web Frameworks,Mojolicious
Web Frameworks,Play!
Web Frameworks,Lift
Web Frameworks,Scalatra
Web Frameworks,Ember.js
Web Frameworks,Meteor
Web Frameworks,Sails
Web Frameworks,SmartClient
Web Frameworks,node.js
Web Frameworks,qooxdoo
Web Frameworks,SproutCore
Web Frameworks,Wakanda
Web Frameworks,WaveMaker
Web Frameworks,Apache OFBiz
Web Frameworks,Apache Shale
Web Frameworks,Apache Sling
Web Frameworks,Apache Struts
Web Frameworks,Apache Tapestry
Web Frameworks,Apache Wicket
Web Frameworks,AppFuse
Web Frameworks,Eclipse RAP
Web Frameworks,FormEngine
Web Frameworks,Grails
Web Frameworks,Google Web Toolkit
Web Frameworks,Hamlets
Web Frameworks,ItsNat
Web Frameworks,JavaServer Faces
Web Frameworks,JBoss Seam
Web Frameworks,Jspx-bay
Web Frameworks,JVx
Web Frameworks,OpenLaszlo
Web Frameworks,OpenXava
Web Frameworks,Oracle ADF
Web Frameworks,RIFE
Web Frameworks,Spring
Web Frameworks,Stripes
Web Frameworks,ThinWire
Web Frameworks,Vaadin
Web Frameworks,VRaptor
Web Frameworks,WebObjects
Web Frameworks,WebWork
Web Frameworks,Ze Framework
Web Frameworks,ZK
Web Frameworks,ztemplates
Web Frameworks,Happstack
Web Frameworks,Snap
Web Frameworks,Yesod
Web Frameworks,CFWheels
Web Frameworks,ColdBox Platform
Web Frameworks,ColdSpring
Web Frameworks,Fusebox
Web Frameworks,FW/1
Web Frameworks,Mach-II
Web Frameworks,Model-Glue
Web Frameworks,CppCMS
Web Frameworks,Poco
Web Frameworks,Tntnet
Web Frameworks,Wt
Web Frameworks,Saetta Web Server
Web Frameworks,ASP.NET MVC
Web Frameworks,BFC
Web Frameworks,CSLA
Web Frameworks,MonoRail
Web Frameworks,OpenRasta
Web Frameworks,Nancy
Other,
